model,coherence,diversity
LDA,0.6201420900758056,0.82
SBERT,0.7612800563973725,0.9756756756756757
OpenAI,0.7672674453694871,0.9783783783783784
