model,coherence,diversity
LDA,0.5899658986653384,0.8488888888888889
SBERT,0.7370730664544209,0.8544982698961938
OpenAI,0.7499689728235294,0.8805330243337196
